{
  "CHR_ID":"c001002",
  "空间大小":4, 

  "背景组":[
      {"id":1,"type":"背景","位置":[0,0],"url":"source/png/bg.png","透明度":1}
    ],
  "标志组":[
      {"id":1,"type":"标志","位置":[0,0],"url":"source/png/logo.png","透明度":1}
    ],
    
  "数据组":
  {
    "Master":               {"可否选择":true,"图片类型":"master","位置":[0,0,0], "缩放": 1, "透明度": 1},
    "Character":            {"可否选择":true,"图片类型":"character","位置":[0,0,0], "缩放": 1, "透明度": 1},
    "waist_Ctrl":           {"可否选择":true,"图片类型":"character","位置":[0, 1.027595912387867, 0.015318556078904946], "缩放": 1, "透明度": 1},
    "root_waist_ikCtrl":    {"可否选择":true,"图片类型":"ik","位置":[0, 1.027595912387867, 0.015318556078904946], "缩放": 1, "透明度": 1},
    "waist_FK1_ctrl":       {"可否选择":true,"图片类型":"fk","位置":[0, 1.303310342170199, 0.015318556078904946], "缩放": 1, "透明度": 1},
    "mid_waist_ikCtrl":     {"可否选择":true,"图片类型":"ik","位置":[0, 1.3952151520984224, 0.015318556078904986], "缩放": 1, "透明度": 1},
    "waist_FK2_ctrl":       {"可否选择":true,"图片类型":"fk","位置":[0, 1.579024771952531, 0.015318556078904946], "缩放": 1, "透明度": 1},
    "top_waist_ikCtrl":     {"可否选择":true,"图片类型":"ik","位置":[0, 1.5790247719536998, 0.015318556078905008], "缩放": 1, "透明度": 1},
    "neck_FK_ctrl":         {"可否选择":true,"图片类型":"fk","位置":[0, 2.0338444282950774, -0.022448274115040936], "缩放": 1, "透明度": 1},
    "head_ctrl":            {"可否选择":true,"图片类型":"fk","位置":[0, 2.144147051371306, -0.022071403995781533], "缩放": 1, "透明度": 1},

    "Lf_shoulder":          {"可否选择":true,"图片类型":"lf_shoulder","位置":[0.1547490250487941, 1.9703181530854936, 0.06989545972208001], "缩放": 1, "透明度": 1},
    "LfArm_UpArm_FK":       {"可否选择":true,"图片类型":"fk","位置":[0.5104798072725706, 1.891989217359457, -0.04230608810616357], "缩放": 1, "透明度": 1},
    "LfArm_Elbow_FK":       {"可否选择":true,"图片类型":"fk","位置":[0.9674352493633925, 1.5656541873159884, -0.04195948033070829], "缩放": 1, "透明度": 1},
    "LfArm_Wrist_FK":       {"可否选择":true,"图片类型":"fk","位置":[1.349178261121965, 1.2932867125488783, -0.019300675334337443], "缩放": 1, "透明度": 1},
    "LfArm_Pole_ctrl":      {"可否选择":true,"图片类型":"ik","位置":[0.9718274475852793, 1.55860893182958, -0.3854333433220389], "缩放": 1, "透明度": 1},
    "LfArm_Wrist_IK":       {"可否选择":true,"图片类型":"ik","位置":[1.349178246336966, 1.2932867238824153, -0.019300675493600514], "缩放": 1, "透明度": 1},

    "LfArm_Switch":         {"可否选择":true,"图片类型":"arrow","位置":[1.3491782611219651, 1.2932867125488774, -0.10908268982351135], "缩放": 1, "透明度": 1},
    "LfupArm0_bend":        {"可否选择":true,"图片类型":"sc","位置":[0.5104798072725709, 1.8919892173594566, -0.04230608810616355], "缩放": 1, "透明度": 1},
    "LfupArm1_bend":        {"可否选择":true,"图片类型":"sc","位置":[0.7389575283179826, 1.728821702337721, -0.04213278421843593], "缩放": 1, "透明度": 1},
    "LfupArm2_bend":        {"可否选择":true,"图片类型":"sc","位置":[0.9674352493633922, 1.565654187315988, -0.04195948033070825], "缩放": 1, "透明度": 1},
    "Lfelbow1_bend":        {"可否选择":true,"图片类型":"sc","位置":[1.1583067552426796, 1.4294704499324329, -0.03063007783252279], "缩放": 1, "透明度": 1},


    "LfLeg_Leg_IK":         {"可否选择":true,"图片类型":"ik","位置":[0.49554238896298397, 0.0001396782959396381, -0.3924054976648313], "缩放": 1, "透明度": 1},
    "LfLeg_foot":           {"可否选择":true,"图片类型":"ik2","位置":[0.49554238903881553, 0.11875956519955172, -0.05087694062582332], "缩放": 1, "透明度": 1},
    "LfLeg_Pole_ctrl":      {"可否选择":true,"图片类型":"ik","位置":[0.4955423899711009, 0.345576750254867, 0.1671924810192332], "缩放": 1, "透明度": 1},
    "Lf_hip_ctrl":          {"可否选择":true,"图片类型":"lf_hip","位置":[0.4955423892644959, 0.8169381116689081, -0.024112061151828974], "缩放": 1, "透明度": 1},
    "LfLeg_Ankle_FK":       {"可否选择":true,"图片类型":"fk","位置":[0.4955423890388159, 0.11875956519955175, -0.050876940625823125], "缩放": 1, "透明度": 1},
    "LfLeg_Knee_FK":        {"可否选择":true,"图片类型":"fk","位置":[0.49554238926449595, 0.35449838415574597, -0.008081575461827691], "缩放": 1, "透明度": 1},
    "LfLeg_Leg_FK":         {"可否选择":true,"图片类型":"fk","位置":[0.49554238926449595, 0.6445817292624869, -0.024112061151828984], "缩放": 1, "透明度": 1},
    "LfLeg_Switch":         {"可否选择":true,"图片类型":"arrow","位置":[0.4955423890388159, 0.11875956519955173, -0.09673844932309447], "缩放": 1, "透明度": 1},

    "Lfleg0_bend":          {"可否选择":true,"图片类型":"sc","位置":[0.49554238926449595, 0.6445817292624869, -0.024112061151828974], "缩放": 1, "透明度": 1},
    "Lfknee1_bend":         {"可否选择":true,"图片类型":"sc","位置":[0.4955423891516559, 0.2366289690960767, -0.029479227297638667], "缩放": 1, "透明度": 1},
    "Lfleg2_bend":          {"可否选择":true,"图片类型":"sc","位置":[0.4955423892644959, 0.3544983841557458, -0.008081575461827684], "缩放": 1, "透明度": 1},
    "Lfleg1_bend":          {"可否选择":true,"图片类型":"sc","位置":[0.49554238926449595, 0.4995400567091165, -0.01609681830682831], "缩放": 1, "透明度": 1},

    "Rt_shoulder":          {"可否选择":true,"图片类型":"rt_shoulder","位置":[-0.1547490250487941, 1.9703181530854936, 0.06989545972208001], "缩放": 1, "透明度": 1},
    "RtArm_UpArm_FK":       {"可否选择":true,"图片类型":"fk","位置":[-0.5104798072725706, 1.891989217359457, -0.04230608810616357], "缩放": 1, "透明度": 1},
    "RtArm_Elbow_FK":       {"可否选择":true,"图片类型":"fk","位置":[-0.9674352493633925, 1.5656541873159884, -0.04195948033070829], "缩放": 1, "透明度": 1},
    "RtArm_Wrist_FK":       {"可否选择":true,"图片类型":"fk","位置":[-1.349178261121965, 1.2932867125488783, -0.019300675334337443], "缩放": 1, "透明度": 1},
    "RtArm_Pole_ctrl":      {"可否选择":true,"图片类型":"ik","位置":[-0.9718274475852793, 1.55860893182958, -0.3854333433220389], "缩放": 1, "透明度": 1},
    "RtArm_Wrist_IK":       {"可否选择":true,"图片类型":"ik","位置":[-1.349178246336966, 1.2932867238824153, -0.019300675493600514], "缩放": 1, "透明度": 1},

    "RtArm_Switch":         {"可否选择":true,"图片类型":"arrow","位置":[-1.3491782611219651, 1.2932867125488774, -0.10908268982351135], "缩放": 1, "透明度": 1},
    "RtupArm0_bend":        {"可否选择":true,"图片类型":"sc","位置":[-0.5104798072725709, 1.8919892173594566, -0.04230608810616355], "缩放": 1, "透明度": 1},
    "RtupArm1_bend":        {"可否选择":true,"图片类型":"sc","位置":[-0.7389575283179826, 1.728821702337721, -0.04213278421843593], "缩放": 1, "透明度": 1},
    "RtupArm2_bend":        {"可否选择":true,"图片类型":"sc","位置":[-0.9674352493633922, 1.565654187315988, -0.04195948033070825], "缩放": 1, "透明度": 1},
    "Rtelbow1_bend":        {"可否选择":true,"图片类型":"sc","位置":[-1.1583067552426796, 1.4294704499324329, -0.03063007783252279], "缩放": 1, "透明度": 1},


    "RtLeg_Leg_IK":         {"可否选择":true,"图片类型":"ik","位置":[-0.49554238896298397, 0.0001396782959396381, -0.3924054976648313], "缩放": 1, "透明度": 1},
    "RtLeg_foot":           {"可否选择":true,"图片类型":"ik2","位置":[-0.49554238903881553, 0.11875956519955172, -0.05087694062582332], "缩放": 1, "透明度": 1},
    "RtLeg_Pole_ctrl":      {"可否选择":true,"图片类型":"ik","位置":[-0.4955423899711009, 0.345576750254867, 0.1671924810192332], "缩放": 1, "透明度": 1},
    "Rt_hip_ctrl":          {"可否选择":true,"图片类型":"rt_hip","位置":[-0.4955423892644959, 0.8169381116689081, -0.024112061151828974], "缩放": 1, "透明度": 1},
    "RtLeg_Ankle_FK":       {"可否选择":true,"图片类型":"fk","位置":[-0.4955423890388159, 0.11875956519955175, -0.050876940625823125], "缩放": 1, "透明度": 1},
    "RtLeg_Knee_FK":        {"可否选择":true,"图片类型":"fk","位置":[-0.49554238926449595, 0.35449838415574597, -0.008081575461827691], "缩放": 1, "透明度": 1},
    "RtLeg_Leg_FK":         {"可否选择":true,"图片类型":"fk","位置":[-0.49554238926449595, 0.6445817292624869, -0.024112061151828984], "缩放": 1, "透明度": 1},
    "RtLeg_Switch":         {"可否选择":true,"图片类型":"arrow","位置":[-0.4955423890388159, 0.11875956519955173, -0.09673844932309447], "缩放": 1, "透明度": 1},

    "Rtleg0_bend":          {"可否选择":true,"图片类型":"sc","位置":[-0.49554238926449595, 0.6445817292624869, -0.024112061151828974], "缩放": 1, "透明度": 1},
    "Rtknee1_bend":         {"可否选择":true,"图片类型":"sc","位置":[-0.4955423891516559, 0.2366289690960767, -0.029479227297638667], "缩放": 1, "透明度": 1},
    "Rtleg2_bend":          {"可否选择":true,"图片类型":"sc","位置":[-0.4955423892644959, 0.3544983841557458, -0.008081575461827684], "缩放": 1, "透明度": 1},
    "Rtleg1_bend":          {"可否选择":true,"图片类型":"sc",